{"flutter":{"platforms":{"android":{"default":{"projectId":"currency-converter-974fc","appId":"1:791905144591:android:651e88fafef84f056c387a","fileOutput":"android/app/google-services.json"}},"dart":{"lib/firebase_options.dart":{"projectId":"currency-converter-974fc","configurations":{"android":"1:791905144591:android:651e88fafef84f056c387a","ios":"1:791905144591:ios:848d76df92a760d36c387a","macos":"1:791905144591:ios:848d76df92a760d36c387a","web":"1:791905144591:web:2e011a277c9a26086c387a","windows":"1:791905144591:web:332c99197b41ef026c387a"}}}}}}