{
  "project_info": {
    "project_number": "791905144591",
    "project_id": "currency-converter-974fc",
    "storage_bucket": "currency-converter-974fc.appspot.com"
  },
  "client": [
    {
      "client_info": {
        "mobilesdk_app_id": "1:791905144591:android:651e88fafef84f056c387a",
        "android_client_info": {
          "package_name": "com.example.currency_converter"
        }
      },
      "oauth_client": [],
      "api_key": [
        {
          "current_key": "AIzaSyC15vvZhd9gduWc5FjORoTz6rVQ6b1erZY"
        }
      ],
      "services": {
        "appinvite_service": {
          "other_platform_oauth_client": []
        }
      }
    }
  ],
  "configuration_version": "1"
}